AGE 0-4,AGE 5-24,AGE 65,ILITOTAL,NUM. OF PROVIDERS,TOTAL PATIENTS
179,205,29,570,192,46842
199,242,23,615,191,48023
228,266,34,681,219,54961
188,236,36,653,213,57044
217,280,41,700,213,55506
178,281,48,655,195,51062
294,328,70,932,248,64463
288,456,63,1100,256,66749
268,343,69,886,252,52890
299,415,102,1098,253,67887
346,388,81,1083,242,61314
348,362,59,1004,190,47719
510,492,113,1519,251,48429
579,576,207,1946,250,52333
639,810,207,2415,254,67228
690,1121,148,2613,255,70828
856,1440,151,3126,245,67898
824,1600,196,3437,245,69999
881,1471,233,3354,239,69486
699,1101,146,2617,234,66322
457,849,119,1948,223,62675
313,534,112,1289,217,60247
241,308,64,827,211,57449
201,305,59,748,208,50582
162,249,51,585,200,53889
156,196,41,486,177,48699
90,144,32,358,182,48105
82,152,41,368,170,42959
64,106,19,262,156,42140
82,100,15,265,155,39496
58,120,27,266,148,38324
39,93,13,209,136,35821
79,61,9,186,131,32200
54,52,19,165,120,27263
0,0,0,0,0,0
0,0,0,0,0,0
0,0,0,0,0,0
0,0,0,0,0,0
0,0,0,0,0,0
0,0,0,0,0,0
0,0,0,0,0,0
0,0,0,0,0,0
0,0,0,0,0,0
0,0,0,0,0,0
0,0,0,0,0,0
0,0,0,0,0,0
0,0,0,0,0,0
0,0,0,0,0,0
0,0,0,0,0,0
0,0,0,0,0,0
0,0,0,0,0,0
0,0,0,0,0,0
0,0,0,0,0,0
115,210,26,490,304,70272
133,262,36,605,328,77092
217,287,54,783,350,86720
278,530,52,1086,377,95437
298,414,60,1034,388,101821
258,402,70,1022,400,102108
355,478,64,1178,372,103429
291,512,83,1208,403,83346
319,453,94,1176,392,103241
353,461,85,1202,399,103600
312,426,83,1141,396,97416
335,359,74,1064,384,71380
418,377,162,1423,382,77216
439,548,134,1780,396,97593
431,874,140,2407,396,94632
801,1689,206,3864,399,106864
755,2185,186,4545,397,111421
970,2919,219,5670,397,111667
1029,2911,237,5768,379,114244
822,2275,224,4920,376,104830
800,1932,234,4486,352,105946
769,1543,241,3910,359,97176
539,1140,202,2922,351,97612
458,778,130,2070,339,87063
378,641,129,1696,321,84079
243,397,69,1091,313,79237
127,265,38,632,277,71588
102,175,17,396,268,64515
59,133,13,271,258,64253
111,150,20,399,255,64824
35,84,11,180,237,59546
102,86,16,292,227,55872
100,100,15,283,222,53444
0,0,0,0,0,0
0,0,0,0,0,0
0,0,0,0,0,0
0,0,0,0,0,0
0,0,0,0,0,0
0,0,0,0,0,0
0,0,0,0,0,0
0,0,0,0,0,0
0,0,0,0,0,0
0,0,0,0,0,0
0,0,0,0,0,0
0,0,0,0,0,0
0,0,0,0,0,0
0,0,0,0,0,0
0,0,0,0,0,0
0,0,0,0,0,0
0,0,0,0,0,0
0,0,0,0,0,0
0,0,0,0,0,0
264,273,26,791,316,80941
292,351,57,997,361,93434
346,371,57,1067,386,113187
371,367,62,1089,355,107163
438,607,91,1570,449,131448
473,535,101,1570,456,126461
443,622,92,1701,459,132304
483,504,132,1833,455,108377
518,835,137,2484,469,142980
643,1124,181,3264,480,139657
828,1405,299,4208,475,143607
1130,1399,450,5168,472,116927
1339,1697,664,6846,471,121233
1314,2043,665,7272,482,141197
1011,1746,462,5470,467,140143
851,1334,315,3857,450,132462
722,1048,169,2901,433,134511
633,914,145,2478,441,136683
599,862,116,2223,437,137511
539,610,72,1668,413,131648
452,481,64,1325,382,116119
499,477,49,1385,370,112138
381,394,57,1088,363,106737
342,342,44,934,338,100814
305,346,37,917,326,100658
282,320,29,837,320,101612
186,286,23,666,295,91806
178,196,21,522,289,90035
107,120,24,347,280,76910
112,141,14,347,274,79100
93,147,7,324,257,73550
67,85,10,239,248,67962
79,65,11,219,233,59761
0,0,0,0,0,0
0,0,0,0,0,0
0,0,0,0,0,0
0,0,0,0,0,0
0,0,0,0,0,0
0,0,0,0,0,0
0,0,0,0,0,0
0,0,0,0,0,0
0,0,0,0,0,0
0,0,0,0,0,0
0,0,0,0,0,0
0,0,0,0,0,0
0,0,0,0,0,0
0,0,0,0,0,0
0,0,0,0,0,0
0,0,0,0,0,0
0,0,0,0,0,0
0,0,0,0,0,0
0,0,0,0,0,0
206,443,70,1041,337,84727
270,489,86,1234,451,116917
390,617,96,1561,487,134587
411,683,123,1781,507,145165
465,703,138,1870,526,150676
564,849,181,2229,545,155700
572,979,162,2449,571,163893
704,913,154,2417,569,131168
673,1085,196,2854,581,178641
710,1232,239,3097,595,178529
677,1455,185,3394,600,165935
767,1337,205,3361,585,139431
1059,1335,262,4152,587,122719
1049,1571,321,4796,591,148538
1081,2423,318,5544,611,177720
1395,3223,293,6717,617,176566
1542,4057,318,7908,626,188879
1329,3705,295,7287,578,182792
1370,3017,358,6476,566,179586
1059,2126,254,4832,566,171948
834,1566,245,3923,540,162402
683,1008,163,2606,511,150399
622,934,152,2562,510,155916
524,762,135,1943,472,143075
485,751,136,1879,460,135154
465,575,131,1590,442,129934
288,421,126,1256,371,112235
219,344,82,950,349,101175
234,331,88,997,342,105580
198,274,46,771,334,103824
173,265,71,734,322,99802
165,250,60,671,293,92532
94,179,38,470,262,70113
0,0,0,0,0,0
0,0,0,0,0,0
0,0,0,0,0,0
0,0,0,0,0,0
0,0,0,0,0,0
0,0,0,0,0,0
0,0,0,0,0,0
0,0,0,0,0,0
0,0,0,0,0,0
0,0,0,0,0,0
0,0,0,0,0,0
0,0,0,0,0,0
0,0,0,0,0,0
0,0,0,0,0,0
0,0,0,0,0,0
0,0,0,0,0,0
0,0,0,0,0,0
0,0,0,0,0,0
0,0,0,0,0,0
429,485,82,1368,607,137156
479,628,114,1747,646,159264
562,697,113,1932,690,165425
567,876,118,2204,710,174566
655,883,168,2371,746,182365
626,865,149,2327,758,190992
693,862,142,2508,770,187174
602,643,147,2090,764,141523
638,866,185,2566,728,181932
602,848,149,2275,762,180095
666,780,153,2169,756,170971
707,725,162,2278,696,148450
719,656,172,2265,691,106451
785,752,223,2568,728,132274
837,969,200,2875,742,171747
1067,1533,195,3743,749,180969
1460,2004,177,4797,728,166968
1556,2351,235,5557,729,188431
1542,2330,274,5624,728,192039
1557,2436,358,5924,712,187242
1509,2359,348,5760,708,184544
1208,1997,370,5104,707,186608
848,1558,218,3631,674,168647
731,1252,162,2977,652,154942
567,1092,151,2417,617,148527
547,913,131,2079,582,142223
397,692,117,1655,575,138645
327,467,83,1169,551,130554
247,442,67,1018,523,124465
235,389,51,830,504,117581
209,269,47,672,475,109945
169,302,46,673,458,106720
159,236,39,576,449,100422
0,0,0,0,0,0
0,0,0,0,0,0
0,0,0,0,0,0
0,0,0,0,0,0
0,0,0,0,0,0
0,0,0,0,0,0
0,0,0,0,0,0
0,0,0,0,0,0
0,0,0,0,0,0
0,0,0,0,0,0
0,0,0,0,0,0
0,0,0,0,0,0
0,0,0,0,0,0
0,0,0,0,0,0
0,0,0,0,0,0
0,0,0,0,0,0
0,0,0,0,0,0
0,0,0,0,0,0
0,0,0,0,0,0
582,805,149,2060,754,176569
683,872,127,2267,785,186355
642,878,113,2176,831,192469
728,1045,154,2599,863,207512
823,1189,154,2907,909,223208
887,1272,180,3225,930,229454
851,1173,175,3097,923,223712
802,1166,182,2967,922,223818
834,978,186,2709,918,188814
857,1117,206,3049,937,243078
804,1179,182,2957,928,235136
951,1404,212,3416,908,216179
915,937,177,2857,865,144287
1028,1019,251,3260,879,171193
1068,1296,274,3729,926,234513
1154,1798,241,4204,902,231550
1373,2998,221,5696,927,235566
1411,4064,282,7079,884,246969
1606,4447,308,7782,889,245751
1568,4224,291,7649,903,253656
1694,3689,308,7228,871,241110
1336,2583,287,5606,857,241683
1015,2103,247,4450,839,228549
880,1669,274,3810,835,220250
737,1321,156,2987,795,196724
624,1016,159,2439,775,198913
506,846,135,2028,741,192349
569,799,163,2082,735,194383
440,539,106,1467,669,177577
429,508,114,1445,682,176111
275,444,84,1075,655,170406
215,471,74,1005,613,157191
248,283,70,836,547,142514
264,262,45,740,406,95728
213,205,44,641,393,81063
201,195,34,563,344,79090
198,187,55,620,341,78023
139,123,34,423,322,72110
122,124,32,441,322,71593
109,91,24,318,310,64699
137,141,43,441,308,72972
98,98,53,365,301,69593
112,139,48,420,302,71103
100,120,39,361,290,71466
136,125,46,443,295,69844
120,131,37,421,283,69003
159,144,27,450,277,70178
166,155,30,463,276,70000
177,182,36,519,271,65474
145,184,24,475,267,74328
136,183,26,461,264,72401
135,221,34,533,268,71273
808,881,146,2442,830,254144
913,1132,191,2932,931,281045
878,1147,195,3031,974,287436
1006,1369,216,3475,1007,312412
1207,2080,276,4690,1074,331980
1542,2735,264,5790,1111,335258
2185,4133,310,8385,1141,348359
2561,5684,471,11141,1129,358275
3247,4933,672,11742,1118,272576
4734,7817,1067,18948,1189,392274
6620,11550,1219,24962,1173,388269
6434,9851,1508,23699,1148,345097
5336,5231,1331,16415,1122,232344
3391,2894,1220,11332,1139,248992
1930,2299,768,7602,1160,314349
1679,1857,461,5583,1141,308614
1721,1604,360,4961,1084,289774
1487,1543,339,4436,1071,287586
1454,1448,302,4251,1054,295646
1420,1297,218,3824,986,288762
1301,1255,259,3691,1004,282347
956,1038,203,2916,948,281202
925,910,227,2744,894,271597
878,888,178,2708,897,257294
730,826,175,2487,849,243802
760,733,179,2300,859,248805
610,611,142,1858,828,234998
583,566,116,1705,774,212432
545,573,131,1749,755,209178
501,511,142,1615,679,203802
470,404,108,1331,658,194708
435,491,85,1394,629,184038
449,443,74,1327,599,168276
451,380,94,1262,553,155386
375,349,66,1070,463,133008
391,308,73,1061,452,120884
355,309,66,987,443,133117
307,240,46,851,426,128740
277,284,81,887,423,124037
238,183,62,698,408,124146
233,205,62,710,381,90238
249,280,80,836,378,97135
259,200,38,659,370,95515
260,230,40,719,363,92216
213,235,60,733,345,116693
243,256,63,809,334,89644
256,256,58,770,335,95481
259,265,44,799,333,91326
279,358,71,960,326,96656
281,309,60,913,337,104207
342,413,68,1122,341,118343
322,416,83,1089,336,117483
333,382,82,1116,364,114857
877,1256,185,3171,1176,353449
1071,1373,216,3631,1187,355116
1240,1534,226,4019,1267,378094
1190,1671,285,4369,1293,380921
1327,1718,291,4551,1302,377692
1497,1874,319,4969,1344,380718
1531,1874,299,4983,1336,387182
1490,1678,271,4713,1341,295546
1538,2059,376,5407,1369,387004
1551,2052,375,5428,1346,374356
1670,2071,371,5755,1379,355806
1856,1807,418,5689,1288,259639
2252,1993,621,7279,1332,283617
2010,2450,712,8041,1383,369455
2188,2982,611,8323,1342,378024
2199,3682,608,9328,1348,368678
2747,5364,725,12422,1334,405254
3086,7650,958,16192,1303,406772
3626,8854,1132,19369,1324,421461
3834,8400,1182,19931,1330,419426
3720,6759,1026,16630,1280,397883
2997,5343,836,13234,1268,383196
2728,4494,745,11601,1227,367292
2416,3513,604,9502,1185,355454
2145,2771,550,7900,1148,335940
1827,2133,390,6329,1103,334438
1422,1737,330,4816,1048,315823
1356,1603,317,4445,1000,314948
1096,1469,306,3825,978,305833
1117,1411,224,3646,971,302065
903,1136,189,2990,923,277120
979,1115,208,3012,878,263009
805,926,200,2531,825,238494
687,695,156,2056,687,194550
693,678,160,2099,637,167661
548,594,140,1744,603,171960
573,507,125,1614,582,154899
580,507,110,1628,587,170645
497,452,84,1359,550,160216
426,390,69,1198,533,142302
389,361,75,1148,524,157068
333,364,68,1068,507,149699
328,327,56,990,492,147612
331,326,58,982,488,142468
319,350,57,1023,479,145121
330,326,47,928,480,150673
292,311,54,922,428,151290
342,367,51,1033,420,151854
338,396,63,1061,416,136817
302,383,52,1026,408,150127
368,516,50,1219,419,156067
381,484,63,1204,447,149205
1172,1256,234,3586,1113,333164
1285,1247,197,3582,1160,338343
1393,1525,212,4122,1216,369609
1439,1599,213,4248,1237,377999
1639,1894,282,5005,1280,398840
1563,1929,295,5038,1272,376924
1679,1951,315,5276,1277,382697
1666,1593,294,4802,1301,298578
1858,2176,349,5966,1325,402264
1987,2463,387,6371,1328,385248
2241,3063,396,7697,1318,383548
2696,3058,530,8577,1287,333921
2678,2561,721,8842,1273,289638
2422,2366,734,8339,1319,343871
2272,2921,534,7882,1339,393716
2249,3150,460,7858,1297,381699
2643,3646,544,9114,1331,411882
2612,4153,498,9551,1320,411291
2754,4593,537,10427,1311,418286
2624,4979,631,11226,1288,401661
2753,5284,791,11901,1288,400827
2579,5008,767,11343,1275,399459
2564,5106,678,11261,1257,405365
2330,4154,607,9322,1241,376971
1895,3709,541,8064,1217,369804
1697,3393,478,7313,1165,362605
1437,2660,342,5738,1133,349662
1181,2014,285,4547,1087,334760
959,1479,239,3550,1045,310641
836,1382,180,3177,1017,305389
745,1208,190,2780,958,288278
745,1039,187,2592,919,276338
715,969,162,2428,877,256267
699,764,146,2061,783,231075
572,561,108,1645,649,190252
754,626,131,2075,635,213847
514,447,81,1430,615,169353
463,409,100,1300,610,167770
466,390,92,1271,572,154741
437,402,71,1215,565,139216
549,511,108,1617,577,175259
541,440,112,1553,564,172654
502,403,128,1455,564,172581
508,430,88,1428,551,161937
473,435,82,1373,547,168024
510,466,91,1457,536,167183
404,379,76,1138,503,154071
398,457,77,1224,488,153390
492,506,69,1463,491,144289
446,521,78,1406,487,159603
511,534,80,1487,455,157627
476,512,81,1433,469,160732
1434,1699,264,4513,1323,375076
1278,1602,200,4072,1361,384920
1543,1830,265,4737,1425,419005
1582,1996,224,4888,1445,434287
1672,2270,281,5380,1473,445334
2112,2393,314,6139,1497,454901
2355,2681,290,6668,1474,453945
2188,2202,357,6156,1488,336822
2573,2792,391,7530,1486,452089
2643,3244,431,8122,1493,436741
3270,4470,479,10396,1492,435177
3387,4065,503,10192,1435,365334
3243,2868,586,8913,1359,286087
2927,2481,584,8386,1490,369521
2507,2756,480,7761,1467,416464
2548,3248,412,7909,1470,395477
3410,4684,537,10888,1495,446119
3456,5648,457,12120,1472,428241
3840,6995,452,14197,1484,454533
3879,6668,529,14031,1461,429057
3728,6537,608,14048,1460,442099
3016,5429,578,11801,1428,433281
2798,4937,447,10715,1408,428255
2668,4031,472,9597,1361,395394
2049,3307,349,7562,1333,385735
1664,2508,351,6148,1303,386327
1445,1803,331,4958,1284,361955
1429,1821,345,4869,1240,357183
1257,1523,287,4179,1206,356055
1152,1386,220,3695,1152,347413
969,1143,210,3077,1119,317311
917,1055,175,2860,1057,296262
815,861,176,2442,1025,285031
761,785,136,2243,925,259803
722,652,130,2058,831,220020
628,510,119,1679,796,225197
598,469,134,1614,771,217982
521,441,100,1456,749,216378
514,408,102,1455,742,218376
394,360,102,1169,711,176387
366,372,52,1086,697,199040
446,345,85,1211,698,206574
477,392,96,1356,691,205241
321,311,61,1037,677,194161
389,385,78,1172,667,200154
439,411,95,1283,666,207580
495,457,88,1448,671,210629
502,500,108,1526,652,213219
519,545,73,1554,641,187384
496,682,99,1694,638,211509
609,681,121,1913,632,208278
729,788,128,2228,703,273623
2187,1997,290,5641,1373,526227
2387,2433,303,6444,1429,529126
2583,2551,352,6941,1449,557172
2871,2788,375,7434,1477,546680
3074,2998,368,7915,1485,547104
3398,3303,377,8687,1539,566717
3563,3290,471,9104,1516,546284
3651,2631,476,8570,1523,433951
3679,3158,413,9171,1513,548159
3365,2907,392,8436,1487,516263
3298,2694,402,8091,1453,463416
3580,2724,459,8750,1420,451862
3848,2348,522,8902,1426,357646
3737,2568,670,9706,1486,430603
3393,3644,816,11115,1509,531444
3664,4900,595,12197,1511,516966
4289,7661,722,17171,1508,516683
5222,11974,1021,24812,1514,559609
6059,15323,1302,31896,1526,596692
6244,14336,1558,31625,1518,583210
5922,12783,1728,30245,1497,570334
4978,9958,1508,25027,1453,589626
4420,7849,1204,20254,1445,558269
3878,6112,1048,16714,1412,550776
3153,4493,874,13040,1395,514205
2689,3395,796,10376,1379,504350
2372,2697,642,8583,1327,492850
2045,2354,486,7045,1318,500881
1857,2013,407,6079,1288,479187
1572,1713,323,4953,1208,459808
1466,1416,235,4224,1147,425187
1356,1381,208,4011,1098,440183
1439,1274,211,3904,1074,401601
1393,1116,211,3646,945,367075
1473,1083,243,3803,869,348477
1159,906,139,2933,789,330127
1113,886,187,2906,764,327366
1115,855,160,2842,755,321789
937,810,133,2534,730,306499
913,762,155,2405,713,307073
881,749,132,2431,710,311423
826,703,171,2319,696,301532
779,704,131,2166,694,300292
788,763,139,2289,676,304175
679,706,216,2220,668,294930
789,745,184,2368,657,298701
730,754,134,2237,657,300714
794,892,127,2429,636,298342
774,880,144,2461,666,293535
859,994,177,2788,685,327567
1062,1527,188,3735,679,336560
983,1306,179,3400,716,329731
1535,2352,324,5687,1435,555999
1861,2291,322,5959,1500,578446
1869,2219,341,5896,1525,582351
1976,2474,367,6485,1527,598473
2119,2547,452,6987,1545,599343
2276,2668,372,7297,1555,612526
2512,2854,412,7667,1555,598635
2600,2828,412,7733,1563,608646
3024,2412,457,7634,1523,478386
3114,2913,469,8708,1551,597052
3252,3024,439,8689,1543,579573
3137,2579,456,7812,1416,479318
3897,2367,495,8706,1484,403876
3814,2042,584,8603,1490,425780
3245,2548,557,8956,1539,579428
3142,3345,473,9289,1512,565631
3602,4597,436,11456,1566,582932
4039,6602,468,14324,1554,611176
4606,8882,540,18268,1580,638613
5064,11215,752,21667,1569,648304
4848,9851,638,20022,1543,624583
4694,10092,657,20450,1544,659573
4420,9116,633,18441,1534,623389
4046,7446,618,15711,1524,637672
3657,6036,582,13277,1494,605503
3237,5052,450,11400,1470,608342
2829,4283,399,9669,1440,586651
2577,3407,391,8460,1422,564460
2371,2761,363,7222,1415,558837
2353,2855,397,7348,1445,577836
4821,8043,670,18627,1405,624734
3920,6221,562,14578,1422,598189
3236,5888,412,12554,1372,550300
4188,12026,424,20774,1331,544432
4496,12461,487,22394,1314,531526
3865,8615,412,17105,1305,538177
3072,5660,384,12392,1296,493761
2623,4740,333,10780,1280,521701
2299,3700,326,8801,1279,512268
2145,2893,361,7422,1237,475877
1701,2481,293,6290,1246,480680
1581,2437,238,5964,1248,502466
1608,2285,231,5735,1248,503971
1519,2199,294,5587,1254,485804
1651,2082,263,5526,1230,496666
1645,2321,265,5877,1234,506019
2167,4210,396,8941,1286,544827
2883,8253,443,14556,1320,588916
3713,13114,541,21350,1358,573972
4087,13407,520,22561,1367,571201
4445,15326,652,26091,1380,638302
4462,14152,588,24454,1313,608464
4974,16291,564,27919,1331,606458
9302,27406,903,48420,2056,855346
11527,32585,1013,58196,2134,853912
13187,39364,1070,69068,2162,906536
13174,36860,1128,66411,2167,898860
12161,30860,1074,57017,2197,899425
10151,21112,978,42729,2191,864348
8979,14652,883,32520,2157,853552
7716,8237,771,22508,2146,654101
7195,7988,818,21730,2122,814550
6490,7218,715,19325,2093,781811
6275,5785,659,17081,2014,728401
6078,4127,644,14575,1934,536961
6598,3726,803,15613,1937,583299
4998,3961,763,14299,1996,721138
4877,4614,622,14088,2016,770895
5399,5079,578,14757,2053,766177
5333,5655,528,15122,2026,785580
5816,6142,550,16037,1996,767773
5496,5577,658,15381,1977,756068
5388,5536,498,15065,1954,762208
5040,6207,679,16087,1990,806925
4281,5685,672,14486,1953,781411
4612,5270,700,14354,1946,768702
4063,4466,628,12601,1933,741293
3625,4108,534,11191,1917,747358
3408,3733,528,10359,1875,713863
3090,2933,428,8813,1850,730068
3117,3110,404,8801,1831,749563
2921,3044,414,8362,1765,719580
3081,2972,395,8440,1755,720054
2781,2901,365,7914,1710,705551
2851,2645,347,7697,1664,669414
2816,2553,372,7603,1624,670887
2636,2188,349,6853,1497,633532
2413,2172,335,6595,1421,549773
2147,1831,322,5755,1435,604004
1975,1784,240,5316,1405,580329
2027,1779,249,5334,1384,575664
1754,1541,238,4718,1347,542536
1753,1566,222,4691,1353,519414
1458,1450,209,4234,1284,547187
1323,1335,198,3950,1265,531790
1290,1279,174,3850,1250,526723
1381,1357,209,4077,1241,518121
1378,1307,214,4008,1212,525260
1485,1592,198,4518,1225,537190
1520,1592,202,4420,1235,558382
1564,1866,204,5007,1170,548573
1850,1959,234,5493,1198,531250
1720,2118,253,5510,1210,589930
2134,2510,326,6741,1206,623077
1995,2383,294,6387,1254,599366
2627,3142,400,8473,1838,746485
2953,3522,444,9347,1875,746230
3044,3641,411,9684,1907,777397
3226,3822,420,9904,1929,781234
3451,4397,455,11020,1947,766753
3927,4679,511,11807,1940,769982
4416,5322,497,13336,1921,787038
4598,4145,550,12079,1938,606527
5045,4978,619,13997,1964,772016
5060,5867,627,14958,1936,742606
6300,7194,650,18022,1916,704923
7295,7071,838,19899,1840,588406
7478,5764,1068,20346,1887,592880
6584,6342,1059,20026,1923,744043
6238,7773,953,20721,1921,711908
7247,11243,938,26257,1964,751850
8007,15291,931,31975,1947,798637
8195,16366,1197,34284,1970,772974
8036,16516,1096,34456,1961,812230
8172,17493,1293,36567,1910,831600
7839,13718,1267,31277,1908,801449
6376,10496,1146,24627,1860,781629
5691,8427,899,20377,1829,747993
5363,6702,804,17309,1823,741807
4400,5489,613,14031,1790,728883
4189,5025,622,12957,1770,739375
3701,4557,508,11498,1723,729089
3164,3562,450,9391,1681,691707
3139,3064,428,8695,1651,662612
2895,2673,383,7830,1612,681240
2532,2553,393,7307,1585,655627
2551,2595,351,7236,1556,651983
2353,2280,305,6530,1516,620485
2213,2110,299,6072,1381,586460
2249,1980,307,5946,1357,531954
2040,1760,278,5547,1296,564322
1812,1599,262,4989,1279,539238
1604,1422,244,4448,1251,532356
1472,1462,210,4218,1225,506732
1423,1269,224,4009,1211,468565
1255,1206,188,3721,1220,526346
1243,1184,178,3597,1203,518011
1251,1188,169,3538,1179,514262
1088,1125,151,3202,1175,496632
1207,1223,158,3523,1175,521671
1342,1358,166,3874,1191,531975
1505,1600,220,4444,1195,551005
1528,1781,213,4717,1200,548228
1622,1809,185,4813,1184,514168
1788,2206,205,5567,1196,575887
1816,2264,242,5822,1201,584534
2248,2514,244,6708,1213,605162
3106,3485,377,9365,1850,778182
3317,3667,370,9803,1883,791987
3324,3837,379,9958,1905,794995
3453,4035,380,10298,1900,788840
3634,4658,387,11396,1925,784334
3949,4348,456,11496,1946,797839
3923,4361,474,11721,1900,801594
4125,3340,430,10377,1918,626731
4237,3955,413,11479,1904,782984
3995,4040,442,11187,1898,736905
4579,4097,546,12137,1872,729258
5016,3535,521,11958,1851,645424
5243,3184,668,12356,1821,581697
4514,3393,715,11992,1891,678631
4059,3636,611,11543,1883,747894
4364,4030,498,11939,1887,724623
4766,4802,513,13209,1891,784244
5218,5336,564,14448,1885,775298
5028,5555,565,14624,1875,784516
5277,5994,667,15929,1884,789193
5246,5990,761,16137,1853,767022
5219,6239,766,16518,1826,788242
4811,6493,629,15763,1816,749198
5175,6768,701,17150,1819,747570
4422,5683,609,14524,1780,755579
3807,5256,549,13017,1753,747079
3582,4631,572,11930,1729,711808
3253,4059,544,10732,1707,717202
3001,4020,393,10123,1699,732480
2638,3802,435,9370,1675,726772
2509,3671,455,8999,1564,662649
2524,3468,419,8576,1546,655492
2465,3087,375,8062,1503,636347
2545,3011,378,7878,1415,616765
2480,2601,350,7153,1409,550614
2336,2352,338,6765,1365,581700
2231,2024,300,6133,1289,564670
2259,1974,285,6048,1295,572296
2168,1850,288,5786,1260,536380
1911,1706,273,5291,1271,505533
1913,1751,220,5185,1240,558637
1818,1640,241,4931,1223,546713
1752,1721,283,5103,1250,557488
1728,1706,267,5159,1240,541600
1660,1718,284,5026,1248,548294
1721,1755,232,5051,1238,560110
2098,2128,296,6141,1238,594395
1958,2335,277,6318,1238,600354
1886,2294,318,6296,1242,558585
2176,2870,415,7382,1252,622114
2295,2972,348,7656,1268,630563
2421,2867,398,7807,1248,623572
2773,3691,415,9395,1932,779285
2960,4007,489,10158,1940,769959
3202,4233,488,10585,1968,797444
3346,4268,516,10913,1958,798388
3326,4422,484,11061,1929,734781
3733,5145,541,12674,1974,785871
4034,5526,597,13623,1966,777534
4651,5387,683,14650,1968,627772
5102,7018,953,18521,2006,831730
6486,10857,1071,24877,2006,835762
7446,12945,1262,29432,1977,811800
8546,13971,1648,34332,1908,754019
9709,11391,2554,36588,1905,607171
8444,9108,2792,34103,1982,687051
8297,13424,2796,39896,1995,850531
8633,15992,2316,39441,2008,838326
7441,13439,1765,32426,1978,778610
6609,12653,1574,29808,1963,806640
5757,10816,1207,24987,1931,772086
5289,9395,1045,22321,1926,771229
5099,8415,1023,20519,1940,755092
4633,7981,968,19231,1893,762238
4791,7709,858,18829,1884,737736
4480,7065,889,17392,1846,715059
3957,6095,741,15254,1825,723449
3830,5204,632,13714,1811,704276
3516,4299,675,12273,1769,701881
3110,3929,603,10818,1742,722583
2707,3509,491,9188,1732,694415
2588,3364,425,8589,1711,700300
2439,3142,370,7986,1675,667648
2422,2877,361,7704,1630,647130
2431,2583,393,7317,1582,623114
2230,2219,368,6589,1489,581338
2109,2094,357,6190,1486,541528
1983,1779,330,5638,1421,558875
1969,1713,277,5539,1419,541138
1877,1766,302,5474,1405,546643
1703,1581,285,4915,1389,540408
1594,1489,251,4506,1357,474295
1576,1491,219,4510,1362,543833
1432,1405,185,4186,1341,521874
1416,1464,221,4233,1325,524969
1216,1284,184,3886,1290,487617
1367,1338,198,4075,1299,523015
1364,1366,188,4168,1276,522533
1331,1561,232,4317,1265,522965
1499,1814,316,5053,1260,540157
1681,2035,311,5626,1317,539175
1926,2437,354,6374,1307,584196
2175,2683,365,7110,1290,591969
2393,2963,459,7963,1364,631088
2974,3769,456,9677,1960,854487
3276,3925,533,10420,1990,860298
3483,3880,500,10658,2018,848016
3930,4484,514,12036,2027,877917
4045,4642,531,12502,2028,874537
4434,5062,538,13498,2017,878845
4643,5000,578,13927,2054,868987
4835,5579,583,15168,2012,875411
4937,4313,639,13975,2042,665926
5549,6579,865,18920,2055,854664
5501,7046,802,19398,2054,802651
6555,8406,939,24697,2009,814891
7814,7485,1316,26988,2007,615148
7488,6726,1750,28654,2033,680424
6233,7881,1622,28147,2059,812343
6007,9517,1606,28370,2049,855297
5878,8858,1332,25502,2062,786928
5133,8714,1203,23484,2051,813726
4729,7711,1125,21085,2051,804244
4210,6717,969,18195,2018,777340
4250,6121,873,17234,2025,812700
3953,5875,890,15914,1978,832786
3775,5575,792,15044,1944,790831
3616,5022,816,14024,1904,794024
3798,5611,810,14926,1922,803374
3523,5812,772,14661,1887,805133
3582,5659,807,14637,1866,797863
3574,5587,786,14206,1845,809707
3130,4279,710,11723,1810,773101
2846,3770,658,10814,1771,770592
2501,3591,559,9648,1746,766139
2789,3615,528,9775,1714,737834
2544,3256,532,9033,1660,708049
2733,3068,483,8797,1570,679395
2528,2459,504,7658,1554,624582
2383,2349,398,7229,1461,631143
2227,2181,401,6783,1461,635233
2159,2009,388,6369,1392,593740
2049,1917,328,6038,1411,596063
1865,1688,308,5352,1388,538049
1758,1623,351,5295,1394,601116
1582,1621,361,5083,1376,592305
1455,1450,334,4765,1372,591814
1450,1655,326,4942,1378,603580
1460,1528,273,4744,1382,605307
1528,1631,311,4980,1369,586778
1569,1813,315,5305,1371,635980
1684,2184,307,5799,1353,640080
1753,2258,302,6050,1352,578913
2300,3316,396,8130,1401,695966
2535,3650,393,8888,1405,696282
2522,3447,428,8874,1407,683887
2958,3994,527,10150,1937,841540
3055,4437,548,10977,1960,828544
3442,4728,580,11941,2000,845727
3455,4955,531,12292,2008,862314
3632,5102,530,12313,2053,855608
4277,5799,565,13853,2058,857601
4424,5816,588,14062,1997,844700
4740,7322,642,16674,2058,831289
5432,6848,880,17602,2067,671251
6185,9106,1224,22905,2097,878430
7424,13050,1441,29172,2069,853532
9270,16418,2103,37382,2016,837119
10363,13951,3519,40533,1984,662849
9732,9406,4117,36891,1983,694773
7160,9589,3048,31483,1958,771835
7044,11966,2339,31204,1971,792459
7840,13949,2030,33221,1966,800359
7118,13159,1915,30621,1955,789407
6656,12093,1654,28151,1950,814097
6429,10328,1505,25218,1917,823153
5537,8164,1271,21109,1907,746836
4823,7280,1249,19178,1934,812660
4639,7116,1076,18441,1912,789858
4710,6748,1067,17833,1907,805881
4559,6084,997,16695,1883,804117
4418,6003,931,16122,1848,801027
4174,5623,889,14975,1819,771143
3903,4634,878,13733,1820,785602
3448,4214,774,12044,1813,800974
3182,4011,640,10860,1768,756827
3203,4280,602,11095,1753,761638
3106,4079,589,10694,1735,748690
2805,3641,602,9671,1688,714799
2754,3296,470,9024,1622,678023
2593,2714,493,7913,1579,616171
2211,2345,462,6946,1505,609891
2109,2284,456,6744,1455,611184
1734,2046,408,5850,1459,602628
1897,1921,429,5913,1445,592081
1678,1701,380,5232,1417,534938
1546,1675,371,5116,1428,590468
1487,1609,341,4870,1411,588337
1383,1498,321,4626,1401,580010
1415,1459,300,4605,1352,567663
1392,1590,325,4753,1364,578812
1330,1667,291,4750,1340,579668
1429,1815,359,5173,1356,609994
1687,2033,354,5648,1362,635661
1636,2292,324,5963,1354,619323
1714,2169,329,5970,1349,583853
1993,2744,397,7062,1369,651524
2178,2947,432,7704,1367,654414
2170,2746,404,7626,1332,650904
2849,3693,621,10049,1963,808287
3016,4007,678,10715,1976,809660
3263,4360,653,11584,1995,825079
3141,4148,694,11164,1999,811165
3563,4783,692,12423,2048,845875
3746,4725,745,12676,2028,826877
3960,5076,766,13484,2023,838344
3974,4073,703,12158,2000,639738
4469,5076,829,14617,2040,841777
4575,5384,873,14986,2020,823657
5135,5105,943,15396,2000,783227
5377,4317,1013,14839,1978,613128
5700,4011,1180,15679,1949,650356
4775,4494,1157,15654,2004,787192
4574,5362,1021,15517,2005,779809
4804,5380,954,15661,2008,743249
5088,6882,1007,18143,2026,827482
5135,7353,1072,18944,2007,823602
5645,8434,1179,21774,2000,813755
5997,9325,1370,24681,1993,816098
6299,10127,1390,26423,1956,848718
6619,11415,1440,28468,1952,855439
6660,11856,1630,30481,1922,848628
5574,9334,1471,24894,1898,804948
5187,8489,1282,21940,1900,786936
4581,7392,1201,19603,1832,776752
3707,6403,1130,16769,1813,787543
3572,6595,1031,16261,1805,792672
3515,6357,945,15437,1774,775895
3157,5557,901,13836,1759,774777
2772,4729,746,11870,1742,741210
2871,4046,665,10707,1690,726244
2688,3630,643,9798,1626,688612
2612,3126,618,8787,1439,635835
2545,2620,532,7997,1482,598077
2293,2313,518,7201,1446,632252
2189,2171,466,6768,1440,617287
2062,1905,386,6024,1402,602666
1873,1810,384,5686,1382,573793
1646,1641,383,5118,1379,549582
1610,1599,383,5078,1392,602288
1670,1621,375,5044,1388,600272
1580,1624,323,4925,1393,593327
1455,1496,315,4596,1360,581457
1512,1639,319,4868,1329,585923
1644,1914,306,5265,1345,614499
1848,2364,349,6260,1356,621362
1815,2651,341,6504,1354,614349
1883,2604,381,6623,1347,601938
2026,3073,452,7639,1365,666755
2341,3298,438,8229,1363,675119
2413,3334,483,8505,1389,648678
3110,4169,643,10864,1946,852842
3207,4078,678,10997,1973,850228
3564,4452,695,11926,1983,896035
3786,4769,700,12648,2006,886570
4314,5287,715,13790,1999,877947
4703,5193,758,14258,1990,863356
4979,5610,829,15160,2000,874739
5032,4567,867,14208,2011,698566
5209,5655,1056,16605,2001,881694
5501,5812,1047,16961,2013,846813
5744,6724,1019,18463,2000,810736
6653,7469,1421,21565,1977,739882
7712,7144,2145,24900,1928,701569
6716,6786,2230,24178,2024,784740
6020,8843,2082,24897,1997,824746
6399,12147,1930,28781,2029,845391
6958,14073,1823,31265,2021,886023
7452,17482,2093,36517,2024,889216
8110,20150,2646,42890,2027,901978
7726,18692,2637,41035,1967,882163
7649,17300,2808,40124,1987,877892
6129,12394,2181,30183,1995,873547
5854,11552,1918,28060,1971,851580
5503,10084,1780,25484,1958,805370
5514,11503,1838,27354,1940,869946
5145,10149,1624,24342,1899,845397
4488,8178,1333,19677,1906,830332
3909,5847,1171,15548,1861,802052
3306,4683,993,13006,1845,792740
2997,4497,928,11924,1846,808298
2890,4105,717,10762,1795,781240
2751,3831,721,10202,1767,762648
2685,3518,709,9809,1746,728288
2341,3060,647,8564,1614,676574
2311,2575,583,7756,1569,617021
2412,2377,591,7510,1493,647145
2049,2099,547,6636,1470,633003
1930,1971,498,6240,1469,628582
1771,1748,467,5596,1422,581945
1728,1564,418,5326,1456,557219
1545,1578,372,4961,1405,599446
1549,1421,419,4747,1384,584688
1576,1515,376,4879,1377,596071
1529,1485,433,4899,1390,590413
1559,1481,390,4915,1386,593239
1603,1691,412,5230,1350,590363
1964,2549,411,6653,1379,631507
2076,2726,503,7133,1370,638196
2073,2488,555,7072,1384,620201
2372,2942,628,8304,1485,732755
2544,3075,655,8563,1484,728214
2840,3201,640,9079,1468,733077
3844,4553,875,12830,2205,1000168
4120,4453,947,13269,2233,994535
4409,4993,974,14319,2254,1013427
5003,5529,1049,15826,2251,1002381
5219,6133,1062,17068,2213,999750
6108,6625,1129,18994,2278,1019146
6805,7478,1354,21615,2281,1030631
6945,5876,1445,19817,2264,845535
7008,7476,1830,23755,2274,1056270
7230,8491,1870,24979,2263,999753
8297,11277,2333,31533,2255,984043
10464,14164,3622,42664,2204,962961
11301,11509,5080,44986,2122,823244
9426,11748,5870,47282,2235,879802
10082,17403,6246,56922,2251,1026852
12004,21873,5551,62937,2277,992379
13432,30671,6091,77468,2279,1098998
14854,37252,5965,86095,2265,1104089
15192,38457,5871,87646,2290,1125265
13340,31984,5430,75987,2215,1111598
10142,20394,4189,52961,2259,1023689
7190,13370,2846,35932,2194,1011645
6357,10841,2289,29109,2203,965961
5590,9479,2121,25928,2188,946753
5212,8635,1969,23785,2168,957380
4722,7216,1743,20696,2131,874750
4550,6211,1696,19067,2117,937849
4148,5508,1449,16672,2076,923041
3859,5269,1116,14892,2103,936850
3725,5343,1101,14572,2079,945759
3656,4810,992,13273,2005,913326
3443,4132,902,11617,1922,905868
3359,3766,799,11067,1966,903948
3384,3429,866,10646,1883,862825
3222,2982,734,9608,1789,785022
2845,2551,654,8688,1783,828488
2375,2242,658,7570,1738,772937
2313,2161,616,7374,1759,777692
2201,1906,626,6932,1720,798856
2000,1862,549,6249,1764,759335
1945,1900,587,6502,1769,841809
1741,1720,469,5786,1732,817849
1665,1643,463,5496,1728,800573
1620,1772,454,5617,1708,815725
1727,1786,476,5864,1670,796639
1989,2172,478,6542,1705,811337
2237,2467,515,7309,1601,765973
2447,2836,542,8117,1661,843545
2817,3346,621,9536,1693,835370
2774,3659,689,10063,1689,877135
3242,3950,729,11190,1666,852916
3471,4185,669,11714,1694,850685
4857,6300,1290,17839,2565,1252483
5307,6250,1321,18561,2609,1252846
5582,6799,1398,19930,2586,1249933
6242,7478,1444,21616,2646,1251776
6864,8285,1450,23154,2633,1254812
7504,8448,1450,24073,2645,1246860
7805,8050,1480,24347,2631,1164292
8598,7193,1699,24612,2586,1020898
8885,8787,2076,29080,2640,1292335
8803,9269,1861,28356,2633,1230419
10150,11373,1980,33098,2622,1209022
11507,12811,2479,38236,2571,1177786
13586,12026,3523,43904,2545,1047161
11675,9557,4260,42094,2609,1158023
9344,10744,3443,38752,2629,1233836
9668,14248,2943,41109,2633,1221478
10728,16925,2853,46113,2614,1184495
11606,22188,3251,55187,2639,1219521
13828,29688,4084,69442,2644,1331519
14224,29223,4274,69978,2628,1288318
13612,26456,4478,66345,2623,1257106
11622,23450,4131,58735,2634,1278001
11146,21736,4052,55348,2614,1256934
10975,20065,4176,53133,2622,1285646
9559,16537,3775,44786,2596,1257449
8621,13608,3183,37844,2587,1238213
7591,11757,2800,32905,2597,1226648
6739,9988,2317,27803,2542,1226170
6319,7894,1874,23122,2517,1174114
5689,6617,1735,20583,2490,1194101
5362,6203,1537,18848,2459,1195232
4785,5903,1357,17096,2415,1170273
4614,5488,1356,16349,2302,1084443
4597,5227,1367,15747,2205,1121166
4437,4659,1301,14770,2179,1050372
3930,4110,1205,13433,2235,1083994
3350,3607,1048,11618,2139,1050239
3046,3282,928,10678,2141,1053569
2940,3106,859,9986,2063,1040288
2433,2676,768,8549,2111,978443
2344,2660,737,8422,2090,1058265
2219,2570,704,8111,2132,1054954
2128,2451,615,7755,2117,1036508
2348,2436,603,7874,2128,1038168
2089,2384,758,8038,2146,1043747
2630,2828,694,8987,2178,1076513
2907,3501,716,10096,2147,1071703
3394,4220,770,11817,2169,1095230
3801,4535,868,13158,2189,1090741
3905,5499,959,14831,2221,1162580
4463,5673,1025,15977,2198,1148137
4970,6104,1100,17414,2180,1163278
6218,7658,1448,21915,2896,1456967
6550,7638,1603,22953,2924,1436150
7273,8277,1649,24857,2950,1429897
7892,9349,1793,27419,2980,1473740
8658,10068,1762,28910,2989,1435277
10557,12551,1843,34586,3007,1463253
11446,13671,1968,37728,2976,1426760
12714,17049,2148,44148,2971,1483729
14389,14717,2366,43817,2971,1270842
13839,16389,2777,48877,2977,1474075
14728,21877,2903,56444,2947,1458774
17999,29177,3349,71584,2913,1423829
24097,34004,5401,95757,2905,1338669
21564,23383,6876,88681,2957,1423620
15547,22747,5464,75585,2987,1490905
16587,29657,4728,79746,2983,1488404
18558,35216,4670,90072,2984,1494697
20299,44117,5475,108307,2984,1575900
20270,45491,5702,111289,2994,1571300
17393,36909,5457,95418,2958,1533883
15233,28328,5142,79832,2909,1420123
13817,25487,5107,74809,2934,1466192
13888,26396,5698,78779,2901,1489410
14149,27752,6686,89571,2836,1423503
10790,17512,6986,78584,2798,1068755
5129,8322,6458,53142,2727,853431
2359,4852,5380,36251,2684,750546
1496,3426,4014,24974,2686,718953
1068,2666,2926,18265,2666,709645
926,2317,2293,15164,2652,750576
864,2098,1896,12817,2624,790715
729,1889,1622,11066,2611,818113
788,1960,1449,10480,2601,846400
1224,2402,1586,11735,2971,1090638
805,1898,1461,9614,2950,1085294
802,1969,1409,9325,2931,1137295
881,2141,1378,9580,2902,1176074
1006,2679,1471,11866,2935,1247767
1216,3491,1902,15499,2896,1288294
1395,3970,2223,17843,2897,1289006
1545,4094,2632,20046,2918,1360798
1658,4075,2436,19260,2894,1339726
1634,3560,2145,16533,2953,1356301
1609,3497,2114,15524,2992,1349125
1570,3271,1938,14117,2956,1336052
1592,3167,1758,13193,2978,1343895
1804,3283,1666,12952,2930,1346595
1866,3951,1489,13159,2967,1355839
1759,3609,1479,12316,2921,1340149
1999,3822,1446,13035,2915,1332779
2070,3628,1487,13049,2943,1365420
2286,4366,1578,14586,2941,1404590
2454,4715,1844,16466,3246,1524289
2558,5239,2320,19144,3318,1602667
2313,4613,2101,17235,3301,1569727
2454,4834,2174,18133,3330,1571417
2512,4916,2292,18554,3421,1560158
2726,5825,2453,21370,3425,1597645
2776,5544,2873,22598,3391,1639379
2692,5342,2895,22709,3334,1585429
2484,4584,3192,21313,3333,1421255
2597,4861,3135,22251,3339,1534905
2504,4692,3321,22103,3358,1549810
2482,4282,3145,20874,3299,1493163
2323,3564,3404,19836,3301,1361197
2583,3933,3668,22423,3280,1458113
2414,4549,3413,22711,3316,1582870
2297,3975,2830,19018,3278,1508647
2566,4056,2542,18350,3315,1515305
2558,3953,2237,16896,3324,1504764
2636,4015,1927,16098,3295,1487296
2552,3730,1572,14079,3246,1443873
2318,3144,1503,12591,3256,1387354
2543,3541,1521,13344,3276,1550083
2771,3540,1347,13000,3278,1543291
3218,3806,1371,14077,3284,1559093
3514,3856,1359,14574,3227,1551445
3817,3915,1354,15354,3201,1599192
4116,4089,1265,15993,3257,1602279
4731,4685,1355,18100,3277,1679101
5227,4907,1383,19165,3282,1728295
5763,5093,1451,19305,3248,1678407
6326,5503,1418,20099,3256,1698411
6822,5401,1288,19930,3227,1648268
7365,5491,1308,20367,3214,1623366
8352,5414,1333,21262,3193,1683010
7953,4967,1175,19675,3141,1652047
8502,4854,1240,20143,3140,1609033
8096,4645,1222,19182,3110,1674977
8503,4594,1189,19579,3068,1656791
8514,4609,1301,19890,3057,1643793
8369,4757,1291,20092,3055,1656615
8719,5309,1508,22371,3055,1683237
9193,5930,1710,25261,3067,1750965
10371,7170,2149,30545,3067,1787028
11132,8572,2628,35195,3050,1842048
11102,8900,2883,37756,3050,1839909
11264,10105,2917,40067,3042,1858843
11801,12275,2893,42721,3029,1852756
11982,13529,2826,43058,3028,1865986
11745,13053,2623,40864,3027,1814136
11705,12250,2645,39421,3021,1781535
11248,11578,2304,36193,3059,1805463
10916,11380,2062,33976,3037,1753523
10133,10040,1834,29949,2877,1624427
13160,13177,2580,39606,3590,2016770
13073,11987,2485,37639,3580,1975130
12494,11448,2350,35684,3538,1918446
12858,11881,2358,36616,3572,1934216
13295,14444,2368,39986,3578,1917029
14559,15933,2724,44242,3601,1989010
14735,17350,2808,47047,3591,1996913
14913,13394,3102,43297,3584,1762035
15161,17338,4005,52671,3608,2056405
14968,19950,3886,55027,3613,2026604
16285,23449,3961,62539,3584,2018579
18514,25049,5304,79184,3564,1941911
24118,28970,8997,113921,3532,2246767
17048,24806,7939,93323,3562,2179176
12222,20205,6178,69158,3568,2025052
9526,13305,4555,48685,3573,1811493
7300,9503,3508,34720,3554,1763472
6083,7740,2552,25809,3488,1655407
6395,7604,2153,23719,3548,1771418
6915,8497,1798,23930,3545,1746548
7065,8336,1767,23620,3546,1725348
7422,9827,1674,25789,3541,1812738
8209,11091,1770,28073,3563,1815454
9041,12118,2075,31342,3535,1867703
9306,12647,2169,32433,3531,1873589
9612,13658,2405,34811,3518,1877763
10560,15181,2548,38128,3526,1912563
11334,16092,2828,40953,3518,1923288
11732,15745,3115,42072,3530,1927606
12656,16956,3336,44980,3520,2033467
12834,18627,3321,47787,3442,1979594
14818,20490,3852,53380,3465,2061117
15053,20742,3834,54062,3449,2076213
15267,20530,3715,53992,3409,2038685
15815,17513,3903,51879,3381,1961919
14154,13726,3765,45240,3373,1972798
12858,11205,3581,40250,3335,1940774
11865,9933,3620,37830,3387,1972377
11066,8513,3461,34570,3267,1918841
10585,8593,3736,34995,3379,1951308
9525,8111,3505,33011,3346,1978336
9361,8116,3432,32613,3348,1980449
9153,7859,3487,32040,3323,1944269
8661,7477,3107,29647,3346,1958644
8392,7907,2904,28923,3285,1910699
9479,9934,2681,31572,3329,1949974
10793,12593,2593,35788,3318,1977251
11526,13893,2452,37529,3299,1980457
12548,13475,2632,38334,3324,1967653
13400,14579,2440,39760,3350,2017659
15938,16694,2480,44666,3361,2032523
17047,16768,2644,46154,3383,2013977
18503,20141,3862,57318,3684,2209814
20623,22779,4073,63388,3720,2223106
23713,28368,4512,75615,3726,2279700
32012,45003,5858,109496,3788,2462467
37474,61015,6829,139247,3776,2510305
38651,57053,7619,140055,3793,2468962
34849,55229,8498,137419,3777,2396019
39539,62925,12439,164936,3765,2237505
38495,63623,16887,185673,3767,2564503
32316,62563,15034,167248,3750,2448985
28976,55613,13570,151672,3751,2347026
25500,41624,13703,129978,3715,2116491
22891,27251,15454,112531,3703,2058533
16651,21006,13166,92034,3740,2257219
12231,18061,8381,67720,3737,2214718
11720,16915,6291,57770,3730,2134322
12170,18680,5353,58231,3716,2179097
12686,19751,5270,59326,3734,2208786
13271,20964,5633,62258,3735,2301891
13127,19818,5402,59665,3695,2262519
13478,18410,5401,57223,3719,2212367
12693,18281,5090,55682,3725,2278801
12840,18388,4714,54686,3722,2274369
13086,17814,4801,54263,3713,2228243
13043,18685,4695,55394,3665,2295244
12413,18078,4638,53342,3688,2270922
11586,15673,4337,48355,3680,2191695
11151,14832,4337,46725,3665,2254413
9912,14788,4058,44507,3680,2277306
10041,15803,3649,44802,3677,2270577
10013,16115,3947,45582,3652,2259439
10187,16725,3718,45769,3654,2295923
9740,15517,3458,43287,3651,2201318
9389,14611,3490,41516,3516,2168837
9568,14220,3543,41589,3599,2145458
8309,11628,3426,36939,3581,2181818
7741,10223,3180,33880,3587,2151354
6998,8941,2987,30889,3580,2138841
6388,8012,2910,28486,3537,2151567
5944,7475,2817,26648,3567,2064071
5608,7043,2760,25903,3541,2155163
5718,6836,2841,25802,3558,2163061
5812,7046,2947,26417,3550,2145981
5677,6966,3000,26895,3539,2132141
5980,7763,3365,29310,3519,2155733
6686,9758,3641,33660,3529,2185559
8230,13150,4038,40974,3521,2243104
8935,14534,4308,44113,3532,2248034
9528,14071,4543,44496,3533,2210702
9453,14780,4362,45006,3549,2276390
10817,16003,4448,47868,3552,2263734
11372,16110,4550,49264,3547,2259450
13424,18804,5000,55828,4104,2490050
14318,18320,5029,56945,4122,2483009
15624,20011,6129,61896,4107,2481845
16878,22113,6630,66990,4133,2520958
17610,24418,6607,71371,4111,2446527
21167,28839,7635,84098,4029,2477218
21022,29212,8183,87226,3899,2403384
